{"count":1,"self":45.6256224,"total":340.7829529,"children":{"InitializeActuators":{"count":36,"self":0.0029419999999999997,"total":0.0029419999999999997,"children":null},"InitializeSensors":{"count":36,"self":0.0020277999999999997,"total":0.0020277999999999997,"children":null},"AgentSendState":{"count":69617,"self":0.64756229999999992,"total":4.2326952,"children":{"CollectObservations":{"count":501264,"self":0.6759189,"total":0.6759189,"children":null},"WriteActionMask":{"count":501264,"self":0.0791418,"total":0.0791418,"children":null},"RequestDecision":{"count":501264,"self":0.75967869999999993,"total":2.8300722,"children":{"AgentInfo.ToProto":{"count":501264,"self":0.52254289999999992,"total":2.0703934999999998,"children":{"GenerateSensorData":{"count":501264,"self":1.5478505999999999,"total":1.5478505999999999,"children":null}}}}}}},"DecideAction":{"count":69617,"self":287.5585536,"total":287.5585562,"children":null},"AgentAct":{"count":69617,"self":3.3490626,"total":3.3490626,"children":null},"AgentInfo.ToProto":{"count":822,"self":0.006548,"total":0.0120479,"children":{"GenerateSensorData":{"count":822,"self":0.0054998999999999994,"total":0.0054998999999999994,"children":null}}}},"gauges":{"HockeyAgent.CumulativeReward":{"count":822,"max":0.932000041,"min":-40.46494,"runningAverage":-1.38749218,"value":-30.334507,"weightedAverage":-13.8060379}},"metadata":{"timer_format_version":"0.1.0","start_time_seconds":"1749721520","unity_version":"6000.0.40f1","command_line_arguments":"C:\\Program Files\\Unity\\Hub\\Editor\\6000.0.40f1\\Editor\\Unity.exe -projectpath D:\\Projeler\\Unity\\2DAirHockey -useHub -hubIPC -cloudEnvironment production","communication_protocol_version":"1.5.0","com.unity.ml-agents_version":"3.0.0","scene_name":"TestScene","end_time_seconds":"1749721861"}}